{
  "Westerville, OH": {
    "lat": "40.1261390",
    "lon": "-82.9295287"
  },
  "Cincinnati, OH": {
    "lat": "39.1014537",
    "lon": "-84.5124602"
  },
  "Columbus, OH": {
    "lat": "39.9622601",
    "lon": "-83.0007065"
  },
  "Colin's Coffee 2812 Fishinger Rd, Upper Arlington, United States 2812 Fishinger Rd, Upper Arlington, United States": null,
  "Crestview Hills, KY": {
    "lat": "39.0272829",
    "lon": "-84.5849438"
  },
  "Jeffersonville, OH": {
    "lat": "39.6536719",
    "lon": "-83.5638094"
  },
  "Richmond, VA": {
    "lat": "37.5385087",
    "lon": "-77.4342800"
  },
  "Paoli, PA": {
    "lat": "40.0405675",
    "lon": "-75.4927891"
  },
  "Raleigh, NC": {
    "lat": "35.7803977",
    "lon": "-78.6390989"
  },
  "Clarksville, VA": {
    "lat": "36.6240321",
    "lon": "-78.5569437"
  },
  "Oakton, VA": {
    "lat": "38.8967950",
    "lon": "-77.2987377"
  },
  "Washington, DC": {
    "lat": "38.8950368",
    "lon": "-77.0365427"
  },
  "Randolph, VA": {
    "lat": "37.5430072",
    "lon": "-77.4639590"
  },
  "Knoxville, TN": {
    "lat": "35.9603948",
    "lon": "-83.9210261"
  },
  "Camden, DE": {
    "lat": "39.1134251",
    "lon": "-75.5419230"
  },
  "Rockville, MD": {
    "lat": "39.0817985",
    "lon": "-77.1516844"
  },
  "Ellicott City, MD": {
    "lat": "39.2757359",
    "lon": "-76.8317417"
  },
  "Trade Roots 5852 Washington Blvd, Arlington, va 22205 Arlington va 22205": null,
  "Vienna, VA": {
    "lat": "38.9013729",
    "lon": "-77.2651762"
  },
  "Alexandria, VA": {
    "lat": "38.8051095",
    "lon": "-77.0470229"
  },
  "silver spring, MD": {
    "lat": "38.9997621",
    "lon": "-77.0240371"
  },
  "Bethesda, MD": {
    "lat": "38.9812726",
    "lon": "-77.1233587"
  },
  "Arlington, VA": {
    "lat": "38.8769326",
    "lon": "-77.0893094"
  },
  "Gaithersburg, MD": {
    "lat": "39.1399187",
    "lon": "-77.1929215"
  },
  "McLean, VA": {
    "lat": "38.9342888",
    "lon": "-77.1776327"
  },
  "Herndon, VA": {
    "lat": "38.9695316",
    "lon": "-77.3859479"
  },
  "Calverton, MD": {
    "lat": "39.0576091",
    "lon": "-76.9358082"
  },
  "Florence, KY": {
    "lat": "38.9989499",
    "lon": "-84.6266111"
  },
  "[{'@type': 'VirtualLocation', 'url': 'https://www.meetup.com/producttank-wilmington/events/313191136/'}, {'@type': 'Place', 'address': {'@type': 'PostalAddress', 'addressLocality': '', 'addressRegion': '', 'addressCountry': ''}}]": null,
  "[{'@type': 'VirtualLocation', 'url': 'https://www.meetup.com/en-AU/producttank-wilmington/events/313191136/'}, {'@type': 'Place', 'address': {'@type': 'PostalAddress', 'addressLocality': '', 'addressRegion': '', 'addressCountry': ''}}]": null,
  "Circuit Cafe / Cincinnati Cars & Coffee": null,
  "Lawrenceburg, IN": {
    "lat": "39.0908910",
    "lon": "-84.8499504"
  },
  "Painesville, OH": {
    "lat": "41.7244885",
    "lon": "-81.2456570"
  },
  "Xenia, OH": {
    "lat": "39.6847822",
    "lon": "-83.9296526"
  },
  "Duke Energy Convention Center": {
    "lat": "39.1011925",
    "lon": "-84.5180259"
  },
  "Destination Outlets (formerly Jeffersonville Outlets) *Off I-71, Jeffersonville, Ohio": null,
  "Ohio Expo Center & State Fairgrounds": {
    "lat": "40.0029556",
    "lon": "-82.9913182"
  },
  "Kentucky Exposition Center": {
    "lat": "38.1988841",
    "lon": "-85.7390427"
  },
  "Concord, CA": {
    "lat": "37.9768525",
    "lon": "-122.0335624"
  },
  "san francisco, CA": {
    "lat": "37.7879363",
    "lon": "-122.4075201"
  },
  "San Mateo, CA": {
    "lat": "37.4969040",
    "lon": "-122.3330573"
  },
  "San Francisco, CA": {
    "lat": "37.7879363",
    "lon": "-122.4075201"
  },
  "Oakland, CA": {
    "lat": "37.8044557",
    "lon": "-122.2713560"
  },
  "Outdoor Patio of Marina Branch Library 1890 Chestnut Street, San Francisco, ca 94123 San Francisco ca 94123": null,
  "Belmont, CA": {
    "lat": "37.5164926",
    "lon": "-122.2941914"
  },
  "larkspur, CA": {
    "lat": "37.9340915",
    "lon": "-122.5352539"
  },
  "270 7th St 270 7th St, San Francisco, Ca 94103 San Francisco Ca 94103": null,
  "1000 Van Ness Ave 1000 Van Ness Ave, San Francisco, Ca 94109 San Francisco Ca 94109": null,
  "Walnut Creek, CA": {
    "lat": "37.9020731",
    "lon": "-122.0618702"
  },
  "SAN FRANCISCO, CA": {
    "lat": "37.7879363",
    "lon": "-122.4075201"
  },
  "Taraval St., SF": {
    "lat": "37.7420680",
    "lon": "-122.4998122"
  },
  "Kettering, OH": {
    "lat": "39.6895036",
    "lon": "-84.1688274"
  },
  "Grant Park Nature Nook 6588 McEwen Road, Dayton, oh Dayton oh": null,
  "Dayton, OH": {
    "lat": "39.7589478",
    "lon": "-84.1916069"
  },
  "Germantown, OH": {
    "lat": "39.6261682",
    "lon": "-84.3693882"
  },
  "South San Francisco, CA": {
    "lat": "37.6535403",
    "lon": "-122.4168664"
  },
  "San Carlos, CA": {
    "lat": "37.5049360",
    "lon": "-122.2618230"
  },
  "Redwood City, CA": {
    "lat": "37.4863239",
    "lon": "-122.2325230"
  },
  "Berkeley, CA": {
    "lat": "37.8708393",
    "lon": "-122.2728630"
  },
  "Phoenix, AZ": {
    "lat": "33.4484367",
    "lon": "-112.0741410"
  },
  "Mesa, AZ": {
    "lat": "33.4151005",
    "lon": "-111.8314550"
  },
  "Tempe, AZ": {
    "lat": "33.4255117",
    "lon": "-111.9400160"
  },
  "Scottsdale, AZ": {
    "lat": "33.4942189",
    "lon": "-111.9260180"
  },
  "Scott's Generations Deli 742 E Glendale Ave #142, Phoenix, az 85020 Phoenix az 85020": null,
  "970 E University Dr 970 E University Dr, Tempe, Ar 85281 Tempe Ar 85281": null,
  "Chandler, AZ": {
    "lat": "33.3062031",
    "lon": "-111.8411850"
  },
  "Fountain Hills, AZ": {
    "lat": "33.6117105",
    "lon": "-111.7173610"
  },
  "Gilbert, AZ": {
    "lat": "33.3527632",
    "lon": "-111.7890370"
  },
  "Chantilly, VA": {
    "lat": "38.8852190",
    "lon": "-77.4486772"
  },
  "Woodbridge, VA": {
    "lat": "38.6364470",
    "lon": "-77.2676335"
  },
  "Silver Spring, MD": {
    "lat": "38.9997621",
    "lon": "-77.0240371"
  },
  "Falls Church, VA": {
    "lat": "38.8823340",
    "lon": "-77.1710914"
  },
  "Morningstar Marinas | Rivertowne 4601 Kellogg Avenue Cincinnati OH 45226": null,
  "5723 OH-350 5723 Ohio 350 Clarksville OH 45113": null,
  "America's Packard Museum 420 South Ludlow Street Dayton OH 45402": {
    "lat": "39.7535510",
    "lon": "-84.1917457"
  },
  "Connersville Airport - Mettel Field 500 Airport Drive Connersville IN 47331": null,
  "Roberts Centre 123 Gano Road Wilmington OH 45177": null,
  "St. Elizabeth Healthcare - Edgewood: Conference Room F& G 1 Medical Village Drive Edgewood KY 41017": null,
  "Boulder, CO": {
    "lat": "40.0149856",
    "lon": "-105.2705450"
  },
  "Cheyenne, WY": {
    "lat": "41.1399810",
    "lon": "-104.8202460"
  },
  "Reston, VA": {
    "lat": "38.9532820",
    "lon": "-77.3464516"
  },
  "Westminster, CO": {
    "lat": "39.8366528",
    "lon": "-105.0372046"
  },
  "Springfield, VA": {
    "lat": "38.7749935",
    "lon": "-77.1803819"
  },
  "Greenbelt, MD": {
    "lat": "39.0046070",
    "lon": "-76.8756838"
  },
  "Dumfries, VA": {
    "lat": "38.5674096",
    "lon": "-77.3267652"
  },
  "The Game Parlour 1342 Irving St, San Francisco, ca 94122 San Francisco ca 94122": null,
  "Emeryville, CA": {
    "lat": "37.8314089",
    "lon": "-122.2865266"
  },
  "Lebanon, OH": {
    "lat": "39.4353373",
    "lon": "-84.2029922"
  },
  "Yellow Springs, OH": {
    "lat": "39.8045432",
    "lon": "-83.8925234"
  },
  "Marina Blvd & Marina Green Dr Marina Blvd & Marina Green Dr, San Francisco, Ca 94123 San Francisco Ca 94123": null,
  "Woodside, CA": {
    "lat": "37.4280637",
    "lon": "-122.2507435"
  },
  "San Francisco San Francisco, CA": {
    "lat": "37.7765470",
    "lon": "-122.3948371"
  },
  "Broadway Oakland, CA": {
    "lat": "37.8030878",
    "lon": "-122.2714688"
  },
  "oakland, CA": {
    "lat": "37.8044557",
    "lon": "-122.2713560"
  },
  "Palo Alto, CA": {
    "lat": "37.4443293",
    "lon": "-122.1598465"
  },
  "Los Altos, CA": {
    "lat": "37.3790629",
    "lon": "-122.1165780"
  },
  "The Commonwealth Club 110 The Embarcadero, 94105, CA 94105 CA": null,
  "Grandview Av South San Francisco, CA": null,
  "Refer Eventbrite Ticket Link Refer Eventbrite Ticket Link, Washington, dc 20001 Washington dc 20001": null,
  "Fremont, CA": {
    "lat": "37.5482697",
    "lon": "-121.9885710"
  },
  "Bay Area, CA": {
    "lat": "37.7884969",
    "lon": "-122.3558473"
  },
  "F Street, NW": {
    "lat": "32.3499548",
    "lon": "-106.7849537"
  },
  "Kensington, MD": {
    "lat": "39.0258405",
    "lon": "-77.0750246"
  },
  "Chicago, IL": {
    "lat": "41.8755616",
    "lon": "-87.6244212"
  },
  "Berwyn, IL": {
    "lat": "41.8505874",
    "lon": "-87.7936685"
  },
  "Willowbrook, IL": {
    "lat": "41.7697533",
    "lon": "-87.9358931"
  },
  "Oak lawn, IL": {
    "lat": "41.7108662",
    "lon": "-87.7581081"
  },
  "Oak Lawn, IL": {
    "lat": "41.7108662",
    "lon": "-87.7581081"
  },
  "Westmont, IL": {
    "lat": "41.7950525",
    "lon": "-87.9751964"
  },
  "River Forest, IL": {
    "lat": "41.8978091",
    "lon": "-87.8139483"
  },
  "Palos Park, IL": {
    "lat": "41.6673636",
    "lon": "-87.8304952"
  },
  "Western Springs, IL": {
    "lat": "41.8096132",
    "lon": "-87.9006710"
  },
  "Lemont, IL": {
    "lat": "41.6737149",
    "lon": "-88.0016263"
  },
  "willow springs, IL": {
    "lat": "41.7366004",
    "lon": "-87.8693152"
  },
  "National Harbor, MD": {
    "lat": "38.7833420",
    "lon": "-77.0148285"
  },
  "The Upside Brew! Start your Engines and your morning with us! Join us for Cars a": null,
  "Owensboro, KY": {
    "lat": "37.7742152",
    "lon": "-87.1133304"
  },
  "Cleves, OH": {
    "lat": "39.1622990",
    "lon": "-84.7491723"
  },
  "Centerville, OH": {
    "lat": "39.6283928",
    "lon": "-84.1593818"
  },
  "6:30PM – 8:30PM EST. Tomorrow": null,
  "Street , Monrovia,. 74 people ... Louisville K.Y.. Sports": null,
  "2026": {
    "lat": "47.7627112",
    "lon": "18.9401743"
  },
  "11:30AM EST": {
    "lat": "30.2934188",
    "lon": "31.7215329"
  },
  "for Lex Campaign Launch": null,
  "Lexington, KY": {
    "lat": "38.0464066",
    "lon": "-84.4970393"
  },
  "news! Our Self": null,
  "4:30PM – 7:30PM EDT": null,
  "Cleveland, OH": {
    "lat": "41.4996574",
    "lon": "-81.6936772"
  },
  "Urbandale, IA": {
    "lat": "41.6274511",
    "lon": "-93.7380243"
  },
  "Des Moines, IA": {
    "lat": "41.5868654",
    "lon": "-93.6249494"
  },
  "Johnston, IA": {
    "lat": "41.6731523",
    "lon": "-93.6973395"
  },
  "Ironside Axe Club 2700 University Ave Suite 100, West Des Moines, ia 50266 West Des Moines ia 50266": null
}